{
  "en": {
    "language": "en",
    "num_samples_processed": 50,
    "avg_semantic_similarity_raw_vs_tagged": 0.9309938073158264,
    "std_semantic_similarity_raw_vs_tagged": 0.14208313212917464,
    "avg_semantic_similarity_raw_to_answer": 0.7564555233716965,
    "std_semantic_similarity_raw_to_answer": 0.21508496304277314,
    "avg_semantic_similarity_tagged_to_answer": 0.7975651979446411,
    "std_semantic_similarity_tagged_to_answer": 0.22391122796424726,
    "avg_bert_f1_consistency": 0.9688947343826294,
    "std_bert_f1_consistency": 0.054088392840727605,
    "avg_bert_f1_raw_to_answer": 0.9046420097351074,
    "std_bert_f1_raw_to_answer": 0.0702277213657103,
    "avg_bert_f1_tagged_to_answer": 0.9216969501972199,
    "std_bert_f1_tagged_to_answer": 0.07019546914067303,
    "avg_exact_match_raw": 0.32,
    "avg_exact_match_tagged": 0.42,
    "avg_token_f1_raw": 0.584778193402653,
    "avg_token_f1_tagged": 0.646682410654216,
    "avg_rouge_l_raw": 0.6141353362597959,
    "avg_rouge_l_tagged": 0.6760395535113588,
    "statistical_tests": {
      "semantic_similarity_to_answer": {
        "count": 50,
        "mean_raw": 0.7564555233716965,
        "mean_tagged": 0.7975651979446411,
        "mean_diff": 0.04110967457294464,
        "std_diff": 0.14830888030638925,
        "t_statistic": 1.9600262373263317,
        "p_value": 0.0556924518501599,
        "cohens_d": 0.2771895687434005,
        "ci_low_95": -0.0010392428522237665,
        "ci_high_95": 0.08325859199811306,
        "wilcoxon_statistic": 71.0,
        "wilcoxon_p_value": 0.1219318822525683
      },
      "bert_f1_to_answer": {
        "count": 50,
        "mean_raw": 0.9046420097351074,
        "mean_tagged": 0.9216969501972199,
        "mean_diff": 0.017054940462112426,
        "std_diff": 0.050745103689874296,
        "t_statistic": 2.376517767545506,
        "p_value": 0.02142840926671223,
        "cohens_d": 0.33609036580834845,
        "ci_low_95": 0.002633341561645389,
        "ci_high_95": 0.031476539362579464,
        "wilcoxon_statistic": 68.0,
        "wilcoxon_p_value": 0.0987409489608765
      },
      "exact_match": {
        "count": 50,
        "mean_raw": 0.32,
        "mean_tagged": 0.42,
        "mean_diff": 0.1,
        "std_diff": 0.30304576336566325,
        "t_statistic": 2.3333333333333335,
        "p_value": 0.02377846612391613,
        "cohens_d": 0.3299831645537222,
        "ci_low_95": 0.013875346980175451,
        "ci_high_95": 0.18612465301982456,
        "wilcoxon_statistic": 0.0,
        "wilcoxon_p_value": 0.025347318677468252
      },
      "token_f1": {
        "count": 50,
        "mean_raw": 0.584778193402653,
        "mean_tagged": 0.646682410654216,
        "mean_diff": 0.06190421725156279,
        "std_diff": 0.24735442815491143,
        "t_statistic": 1.769642538002656,
        "p_value": 0.0830092607666345,
        "cohens_d": 0.25026524777957015,
        "ci_low_95": -0.00839313342300748,
        "ci_high_95": 0.13220156792613305,
        "wilcoxon_statistic": 44.5,
        "wilcoxon_p_value": 0.12976439603398718
      },
      "rouge_l": {
        "count": 50,
        "mean_raw": 0.6141353362597959,
        "mean_tagged": 0.6760395535113588,
        "mean_diff": 0.06190421725156279,
        "std_diff": 0.24735442815491143,
        "t_statistic": 1.769642538002656,
        "p_value": 0.0830092607666345,
        "cohens_d": 0.25026524777957015,
        "ci_low_95": -0.00839313342300748,
        "ci_high_95": 0.13220156792613305,
        "wilcoxon_statistic": 44.5,
        "wilcoxon_p_value": 0.12976439603398718
      }
    }
  },
  "es": {
    "language": "es",
    "num_samples_processed": 50,
    "avg_semantic_similarity_raw_vs_tagged": 0.9179902532324195,
    "std_semantic_similarity_raw_vs_tagged": 0.1706008143666027,
    "avg_semantic_similarity_raw_to_answer": 0.61395921446383,
    "std_semantic_similarity_raw_to_answer": 0.24359594391453868,
    "avg_semantic_similarity_tagged_to_answer": 0.6888152524828911,
    "std_semantic_similarity_tagged_to_answer": 0.23921244035241632,
    "avg_bert_f1_consistency": 0.9599647140502929,
    "std_bert_f1_consistency": 0.045914321434525784,
    "avg_bert_f1_raw_to_answer": 0.8595182287693024,
    "std_bert_f1_raw_to_answer": 0.0629013618161752,
    "avg_bert_f1_tagged_to_answer": 0.8683009374141694,
    "std_bert_f1_tagged_to_answer": 0.06185595298108196,
    "avg_exact_match_raw": 0.1,
    "avg_exact_match_tagged": 0.14,
    "avg_token_f1_raw": 0.3493109806861916,
    "avg_token_f1_tagged": 0.4354095709285154,
    "avg_rouge_l_raw": 0.35889450489764163,
    "avg_rouge_l_tagged": 0.44771451648782284,
    "statistical_tests": {
      "semantic_similarity_to_answer": {
        "count": 50,
        "mean_raw": 0.61395921446383,
        "mean_tagged": 0.6888152524828911,
        "mean_diff": 0.07485603801906109,
        "std_diff": 0.17723532479026097,
        "t_statistic": 2.9864933617874727,
        "p_value": 0.004396987931509463,
        "cohens_d": 0.42235394161770623,
        "ci_low_95": 0.02448631603090453,
        "ci_high_95": 0.12522576000721763,
        "wilcoxon_statistic": 110.0,
        "wilcoxon_p_value": 0.0007858695145877867
      },
      "bert_f1_to_answer": {
        "count": 50,
        "mean_raw": 0.8595182287693024,
        "mean_tagged": 0.8683009374141694,
        "mean_diff": 0.008782708644866943,
        "std_diff": 0.03423871810805649,
        "t_statistic": 1.8138274979721918,
        "p_value": 0.07583020180971453,
        "cohens_d": 0.25651394474375316,
        "ci_low_95": -0.0009478273776474186,
        "ci_high_95": 0.018513244667381305,
        "wilcoxon_statistic": 222.0,
        "wilcoxon_p_value": 0.12769359607602257
      },
      "exact_match": {
        "count": 50,
        "mean_raw": 0.1,
        "mean_tagged": 0.14,
        "mean_diff": 0.04,
        "std_diff": 0.282842712474619,
        "t_statistic": 1.0,
        "p_value": 0.32222340595067556,
        "cohens_d": 0.1414213562373095,
        "ci_low_95": -0.04038300948516959,
        "ci_high_95": 0.12038300948516958,
        "wilcoxon_statistic": 2.5,
        "wilcoxon_p_value": 0.31731050786291415
      },
      "token_f1": {
        "count": 50,
        "mean_raw": 0.3493109806861916,
        "mean_tagged": 0.4354095709285154,
        "mean_diff": 0.08609859024232387,
        "std_diff": 0.220842462728499,
        "t_statistic": 2.7567568419029698,
        "p_value": 0.008177705225092908,
        "cohens_d": 0.38986429139840023,
        "ci_low_95": 0.02333585677495152,
        "ci_high_95": 0.14886132370969624,
        "wilcoxon_statistic": 159.0,
        "wilcoxon_p_value": 0.04960102826809589
      },
      "rouge_l": {
        "count": 50,
        "mean_raw": 0.35889450489764163,
        "mean_tagged": 0.44771451648782284,
        "mean_diff": 0.0888200115901812,
        "std_diff": 0.2243519848381489,
        "t_statistic": 2.7994061450266896,
        "p_value": 0.007303240451602849,
        "cohens_d": 0.39589581368873283,
        "ci_low_95": 0.025059882974953623,
        "ci_high_95": 0.15258014020540878,
        "wilcoxon_statistic": 157.0,
        "wilcoxon_p_value": 0.045415396555731846
      }
    }
  },
  "th": {
    "language": "th",
    "num_samples_processed": 50,
    "avg_semantic_similarity_raw_vs_tagged": 0.7614273726940155,
    "std_semantic_similarity_raw_vs_tagged": 0.22371386915745933,
    "avg_semantic_similarity_raw_to_answer": 0.6008416152000428,
    "std_semantic_similarity_raw_to_answer": 0.2171740423764716,
    "avg_semantic_similarity_tagged_to_answer": 0.7323340901732445,
    "std_semantic_similarity_tagged_to_answer": 0.23211941023336846,
    "avg_bert_f1_consistency": 0.9126094841957092,
    "std_bert_f1_consistency": 0.061242125742637724,
    "avg_bert_f1_raw_to_answer": 0.8876752889156342,
    "std_bert_f1_raw_to_answer": 0.05406711332488501,
    "avg_bert_f1_tagged_to_answer": 0.9102920281887055,
    "std_bert_f1_tagged_to_answer": 0.05931352693948252,